EngNames,Manager,1,2,3,4,5,6,7,8,9,10,11,12,13,14,15,16,17,18,19,20,21,22,23,24,25,26,27,28,29,30,31,32,33,34,35,36,37,38,39,40,41,42,43,44,45,46,47,48,49,50,51,52,53,54,55
Eng_MCS_1,Mgr_MCS_1,Prg1_MCS_Ele,Prg1_MCS_Ele,Prg1_MCS_Ele,Prg1_MCS_Ele,Prg1_MCS_Ele,Prg1_MCS_Ele,Prg1_MCS_Ele,Prg1_MCS_Ele,Prg1_MCS_Ele,Prg1_MCS_Ele,Prg1_MCS_Ele,Prg1_MCS_Ele,Prg1_MCS_Ele,Prg1_MCS_Ele,Prg1_MCS_Ele,Prg1_MCS_Ele,Prg1_MCS_Ele,Prg1_MCS_Ele,Prg1_MCS_Ele,Prg1_MCS_Ele,Prg1_MCS_Ele,Prg1_MCS_Ele,Prg1_MCS_Ele,Prg1_MCS_Ele,Prg1_MCS_Ele,Prg1_MCS_Ele,Prg1_MCS_Ele,Prg1_MCS_Ele,Prg1_MCS_Ele,Prg1_MCS_Ele,Prg1_MCS_Ele,NoProgram,NoProgram,NoProgram,NoProgram,NoProgram,NoProgram,NoProgram,NoProgram,NoProgram,NoProgram,NoProgram,NoProgram,NoProgram,NoProgram,NoProgram,NoProgram,NoProgram,NoProgram,NoProgram,NoProgram,NoProgram,NoProgram,NoProgram,NoProgram
Eng_MCS_2,Mgr_MCS_1,Prg1_MCS_Ele,Prg1_MCS_Ele,Prg1_MCS_Ele,Prg1_MCS_Ele,Prg1_MCS_Ele,Prg1_MCS_Ele,Prg1_MCS_Ele,Prg1_MCS_Ele,Prg1_MCS_Ele,Prg1_MCS_Ele,Prg1_MCS_Ele,Prg1_MCS_Ele,Prg1_MCS_Ele,Prg1_MCS_Ele,Prg1_MCS_Ele,Prg1_MCS_Ele,Prg1_MCS_Ele,Prg1_MCS_Ele,Prg1_MCS_Ele,Prg1_MCS_Ele,Prg1_MCS_Ele,Prg1_MCS_Ele,Prg1_MCS_Ele,Prg1_MCS_Ele,Prg1_MCS_Ele,Prg1_MCS_Ele,Prg1_MCS_Ele,Prg1_MCS_Ele,Prg1_MCS_Ele,Prg1_MCS_Ele,Prg1_MCS_Ele,NoProgram,NoProgram,NoProgram,NoProgram,NoProgram,NoProgram,NoProgram,NoProgram,NoProgram,NoProgram,NoProgram,NoProgram,NoProgram,NoProgram,NoProgram,NoProgram,NoProgram,NoProgram,NoProgram,NoProgram,NoProgram,NoProgram,NoProgram,NoProgram
Eng_MCS_3,Mgr_MCS_1,Prg1_MCS_Ele,Prg1_MCS_Ele,Prg1_MCS_Ele,Prg1_MCS_Ele,Prg1_MCS_Ele,Prg1_MCS_Ele,Prg1_MCS_Ele,Prg1_MCS_Ele,Prg1_MCS_Ele,Prg1_MCS_Ele,Prg1_MCS_Ele,Prg1_MCS_Ele,Prg1_MCS_Ele,Prg1_MCS_Ele,Prg1_MCS_Ele,Prg1_MCS_Ele,Prg1_MCS_Ele,Prg1_MCS_Ele,Prg1_MCS_Ele,Prg1_MCS_Ele,Prg1_MCS_Ele,Prg1_MCS_Ele,Prg1_MCS_Ele,Prg1_MCS_Ele,Prg1_MCS_Ele,Prg1_MCS_Ele,Prg1_MCS_Ele,Prg1_MCS_Ele,Prg1_MCS_Ele,Prg1_MCS_Ele,Prg1_MCS_Ele,NoProgram,NoProgram,NoProgram,NoProgram,NoProgram,NoProgram,NoProgram,NoProgram,NoProgram,NoProgram,NoProgram,NoProgram,NoProgram,NoProgram,NoProgram,NoProgram,NoProgram,NoProgram,NoProgram,NoProgram,NoProgram,NoProgram,NoProgram,NoProgram
Eng_MCS_4,Mgr_MCS_1,Prg1_MCS_Mech,Prg1_MCS_Mech,Prg1_MCS_Mech,Prg1_MCS_Mech,Prg1_MCS_Mech,Prg1_MCS_Mech,Prg1_MCS_Mech,Prg1_MCS_Mech,Prg1_MCS_Mech,Prg1_MCS_Mech,Prg1_MCS_Mech,Prg1_MCS_Mech,Prg1_MCS_Mech,Prg1_MCS_Mech,Prg1_MCS_Mech,Prg1_MCS_Mech,Prg1_MCS_Mech,Prg1_MCS_Mech,Prg1_MCS_Mech,Prg1_MCS_Mech,Prg1_MCS_Mech,Prg1_MCS_Mech,Prg1_MCS_Mech,Prg1_MCS_Mech,Prg1_MCS_Mech,Prg1_MCS_Mech,Prg1_MCS_Mech,Prg1_MCS_Mech,Prg1_MCS_Mech,Prg1_MCS_Mech,Prg1_MCS_Mech,NoProgram,NoProgram,NoProgram,NoProgram,NoProgram,NoProgram,NoProgram,NoProgram,NoProgram,NoProgram,NoProgram,NoProgram,NoProgram,NoProgram,NoProgram,NoProgram,NoProgram,NoProgram,NoProgram,NoProgram,NoProgram,NoProgram,NoProgram,NoProgram
Eng_MCS_5,Mgr_MCS_1,Prg1_MCS_Mech,Prg1_MCS_Mech,Prg1_MCS_Mech,Prg1_MCS_Mech,Prg1_MCS_Mech,Prg1_MCS_Mech,Prg1_MCS_Mech,Prg1_MCS_Mech,Prg1_MCS_Mech,Prg1_MCS_Mech,Prg1_MCS_Mech,Prg1_MCS_Mech,Prg1_MCS_Mech,Prg1_MCS_Mech,Prg1_MCS_Mech,Prg1_MCS_Mech,Prg1_MCS_Mech,Prg1_MCS_Mech,Prg1_MCS_Mech,Prg1_MCS_Mech,Prg1_MCS_Mech,Prg1_MCS_Mech,Prg1_MCS_Mech,Prg1_MCS_Mech,Prg1_MCS_Mech,Prg1_MCS_Mech,Prg1_MCS_Mech,Prg1_MCS_Mech,Prg1_MCS_Mech,Prg1_MCS_Mech,Prg1_MCS_Mech,NoProgram,NoProgram,NoProgram,NoProgram,NoProgram,NoProgram,NoProgram,NoProgram,NoProgram,NoProgram,NoProgram,NoProgram,NoProgram,NoProgram,NoProgram,NoProgram,NoProgram,NoProgram,NoProgram,NoProgram,NoProgram,NoProgram,NoProgram,NoProgram
Eng_MCS_6,Mgr_MCS_1,Prg1_MCS_Mech,Prg1_MCS_Mech,Prg1_MCS_Mech,Prg1_MCS_Mech,Prg1_MCS_Mech,Prg1_MCS_Mech,Prg1_MCS_Mech,Prg1_MCS_Mech,Prg1_MCS_Mech,Prg1_MCS_Mech,Prg1_MCS_Mech,Prg1_MCS_Mech,Prg1_MCS_Mech,Prg1_MCS_Mech,Prg1_MCS_Mech,Prg1_MCS_Mech,Prg1_MCS_Mech,Prg1_MCS_Mech,Prg1_MCS_Mech,Prg1_MCS_Mech,Prg1_MCS_Mech,Prg1_MCS_Mech,Prg1_MCS_Mech,Prg1_MCS_Mech,Prg1_MCS_Mech,Prg1_MCS_Mech,Prg1_MCS_Mech,Prg1_MCS_Mech,Prg1_MCS_Mech,Prg1_MCS_Mech,Prg1_MCS_Mech,NoProgram,NoProgram,NoProgram,NoProgram,NoProgram,NoProgram,NoProgram,NoProgram,NoProgram,NoProgram,NoProgram,NoProgram,NoProgram,NoProgram,NoProgram,NoProgram,NoProgram,NoProgram,NoProgram,NoProgram,NoProgram,NoProgram,NoProgram,NoProgram
Eng_MCS_7,Mgr_MCS_1,NoProgram,NoProgram,NoProgram,NoProgram,NoProgram,NoProgram,NoProgram,NoProgram,NoProgram,Prg2_MCS_Ele,Prg2_MCS_Ele,Prg2_MCS_Ele,Prg2_MCS_Ele,Prg2_MCS_Ele,Prg2_MCS_Ele,Prg2_MCS_Ele,Prg2_MCS_Ele,Prg2_MCS_Ele,Prg2_MCS_Ele,Prg2_MCS_Ele,Prg2_MCS_Ele,Prg2_MCS_Ele,Prg2_MCS_Ele,Prg2_MCS_Ele,Prg2_MCS_Ele,Prg2_MCS_Ele,Prg2_MCS_Ele,Prg2_MCS_Ele,Prg2_MCS_Ele,Prg2_MCS_Ele,Prg2_MCS_Ele,Prg2_MCS_Ele,Prg2_MCS_Ele,Prg2_MCS_Ele,Prg2_MCS_Ele,Prg2_MCS_Ele,Prg2_MCS_Ele,Prg2_MCS_Ele,Prg2_MCS_Ele,Prg2_MCS_Ele,Prg2_MCS_Ele,Prg2_MCS_Ele,NoProgram,NoProgram,NoProgram,NoProgram,NoProgram,NoProgram,NoProgram,NoProgram,NoProgram,NoProgram,NoProgram,NoProgram,NoProgram
Eng_MCS_8,Mgr_MCS_1,NoProgram,NoProgram,NoProgram,NoProgram,NoProgram,NoProgram,NoProgram,NoProgram,NoProgram,Prg2_MCS_Ele,Prg2_MCS_Ele,Prg2_MCS_Ele,Prg2_MCS_Ele,Prg2_MCS_Ele,Prg2_MCS_Ele,Prg2_MCS_Ele,Prg2_MCS_Ele,Prg2_MCS_Ele,Prg2_MCS_Ele,Prg2_MCS_Ele,Prg2_MCS_Ele,Prg2_MCS_Ele,Prg2_MCS_Ele,Prg2_MCS_Ele,Prg2_MCS_Ele,Prg2_MCS_Ele,Prg2_MCS_Ele,Prg2_MCS_Ele,Prg2_MCS_Ele,Prg2_MCS_Ele,Prg2_MCS_Ele,Prg2_MCS_Ele,Prg2_MCS_Ele,Prg2_MCS_Ele,Prg2_MCS_Ele,Prg2_MCS_Ele,Prg2_MCS_Ele,Prg2_MCS_Ele,Prg2_MCS_Ele,Prg2_MCS_Ele,Prg2_MCS_Ele,Prg2_MCS_Ele,NoProgram,NoProgram,NoProgram,NoProgram,NoProgram,NoProgram,NoProgram,NoProgram,NoProgram,NoProgram,NoProgram,NoProgram,NoProgram
Eng_MCS_9,Mgr_MCS_1,NoProgram,NoProgram,NoProgram,NoProgram,NoProgram,NoProgram,NoProgram,NoProgram,NoProgram,Prg2_MCS_Ele,Prg2_MCS_Ele,Prg2_MCS_Ele,Prg2_MCS_Ele,Prg2_MCS_Ele,Prg2_MCS_Ele,Prg2_MCS_Ele,Prg2_MCS_Ele,Prg2_MCS_Ele,Prg2_MCS_Ele,Prg2_MCS_Ele,Prg2_MCS_Ele,Prg2_MCS_Ele,Prg2_MCS_Ele,Prg2_MCS_Ele,Prg2_MCS_Ele,Prg2_MCS_Ele,Prg2_MCS_Ele,Prg2_MCS_Ele,Prg2_MCS_Ele,Prg2_MCS_Ele,Prg2_MCS_Ele,Prg2_MCS_Ele,Prg2_MCS_Ele,Prg2_MCS_Ele,Prg2_MCS_Ele,Prg2_MCS_Ele,Prg2_MCS_Ele,Prg2_MCS_Ele,Prg2_MCS_Ele,Prg2_MCS_Ele,Prg2_MCS_Ele,Prg2_MCS_Ele,NoProgram,NoProgram,NoProgram,NoProgram,NoProgram,NoProgram,NoProgram,NoProgram,NoProgram,NoProgram,NoProgram,NoProgram,NoProgram
Eng_MCS_10,Mgr_MCS_1,NoProgram,NoProgram,NoProgram,NoProgram,NoProgram,NoProgram,NoProgram,NoProgram,NoProgram,Prg2_MCS_Mech,Prg2_MCS_Mech,Prg2_MCS_Mech,Prg2_MCS_Mech,Prg2_MCS_Mech,Prg2_MCS_Mech,Prg2_MCS_Mech,Prg2_MCS_Mech,Prg2_MCS_Mech,Prg2_MCS_Mech,Prg2_MCS_Mech,Prg2_MCS_Mech,Prg2_MCS_Mech,Prg2_MCS_Mech,Prg2_MCS_Mech,Prg2_MCS_Mech,Prg2_MCS_Mech,Prg2_MCS_Mech,Prg2_MCS_Mech,Prg2_MCS_Mech,Prg2_MCS_Mech,Prg2_MCS_Mech,Prg2_MCS_Mech,Prg2_MCS_Mech,Prg2_MCS_Mech,Prg2_MCS_Mech,Prg2_MCS_Mech,Prg2_MCS_Mech,Prg2_MCS_Mech,Prg2_MCS_Mech,Prg2_MCS_Mech,Prg2_MCS_Mech,Prg2_MCS_Mech,NoProgram,NoProgram,NoProgram,NoProgram,NoProgram,NoProgram,NoProgram,NoProgram,NoProgram,NoProgram,NoProgram,NoProgram,NoProgram
Eng_MCS_11,Mgr_MCS_1,NoProgram,NoProgram,NoProgram,NoProgram,NoProgram,NoProgram,NoProgram,NoProgram,NoProgram,Prg2_MCS_Mech,Prg2_MCS_Mech,Prg2_MCS_Mech,Prg2_MCS_Mech,Prg2_MCS_Mech,Prg2_MCS_Mech,Prg2_MCS_Mech,Prg2_MCS_Mech,Prg2_MCS_Mech,Prg2_MCS_Mech,Prg2_MCS_Mech,Prg2_MCS_Mech,Prg2_MCS_Mech,Prg2_MCS_Mech,Prg2_MCS_Mech,Prg2_MCS_Mech,Prg2_MCS_Mech,Prg2_MCS_Mech,Prg2_MCS_Mech,Prg2_MCS_Mech,Prg2_MCS_Mech,Prg2_MCS_Mech,Prg2_MCS_Mech,Prg2_MCS_Mech,Prg2_MCS_Mech,Prg2_MCS_Mech,Prg2_MCS_Mech,Prg2_MCS_Mech,Prg2_MCS_Mech,Prg2_MCS_Mech,Prg2_MCS_Mech,Prg2_MCS_Mech,Prg2_MCS_Mech,NoProgram,NoProgram,NoProgram,NoProgram,NoProgram,NoProgram,NoProgram,NoProgram,NoProgram,NoProgram,NoProgram,NoProgram,NoProgram
Eng_MCS_12,Mgr_MCS_1,NoProgram,NoProgram,NoProgram,NoProgram,NoProgram,NoProgram,NoProgram,NoProgram,NoProgram,Prg2_MCS_Mech,Prg2_MCS_Mech,Prg2_MCS_Mech,Prg2_MCS_Mech,Prg2_MCS_Mech,Prg2_MCS_Mech,Prg2_MCS_Mech,Prg2_MCS_Mech,Prg2_MCS_Mech,Prg2_MCS_Mech,Prg2_MCS_Mech,Prg2_MCS_Mech,Prg2_MCS_Mech,Prg2_MCS_Mech,Prg2_MCS_Mech,Prg2_MCS_Mech,Prg2_MCS_Mech,Prg2_MCS_Mech,Prg2_MCS_Mech,Prg2_MCS_Mech,Prg2_MCS_Mech,Prg2_MCS_Mech,Prg2_MCS_Mech,Prg2_MCS_Mech,Prg2_MCS_Mech,Prg2_MCS_Mech,Prg2_MCS_Mech,Prg2_MCS_Mech,Prg2_MCS_Mech,Prg2_MCS_Mech,Prg2_MCS_Mech,Prg2_MCS_Mech,Prg2_MCS_Mech,NoProgram,NoProgram,NoProgram,NoProgram,NoProgram,NoProgram,NoProgram,NoProgram,NoProgram,NoProgram,NoProgram,NoProgram,NoProgram
